add_gastrofest_table,neznaev,db/changelog/1-initial.xml,2023-12-03 14:47:08.347461,1,EXECUTED,9:0bb1421ca2ac8f421691642f7bc18858,"createTable tableName=gastrofest; addUniqueConstraint constraintName=unique_gastrofest, tableName=gastrofest","",,4.25.0,,,1604028292
add_participant_table,neznaev,db/changelog/1-initial.xml,2023-12-03 14:47:08.391602,2,EXECUTED,9:e73a203b75d84cc735f3cbcf9534eeef,"createTable tableName=participant; addUniqueConstraint constraintName=unique_participant, tableName=participant","",,4.25.0,,,1604028292
add_gastroset_table,neznaev,db/changelog/1-initial.xml,2023-12-03 14:47:08.427401,3,EXECUTED,9:239edb85ce268fbd246833114d734ae8,"createTable tableName=gastroset; addUniqueConstraint constraintName=unique_gastroset, tableName=gastroset","",,4.25.0,,,1604028292
add_working_hours_table,neznaev,db/changelog/1-initial.xml,2023-12-03 14:47:08.449915,4,EXECUTED,9:b7521eadb18a0417e04af800dda7661b,"createTable tableName=working_hours; addUniqueConstraint constraintName=unique_working_hours, tableName=working_hours","",,4.25.0,,,1604028292
create_table_gastroset_meal_image_link,neznaev,db/changelog/1-initial.xml,2023-12-03 14:47:08.463935,5,EXECUTED,9:462fca6a0684ba26741f75732da1678b,createTable tableName=gastroset_meal_image_link,"",,4.25.0,,,1604028292
create_table_gastroset_meal_description,neznaev,db/changelog/1-initial.xml,2023-12-03 14:47:08.475791,6,EXECUTED,9:339210e1924165c8c79fb94330c39d24,createTable tableName=gastroset_meal_description,"",,4.25.0,,,1604028292
create_participant_working_hours_table,neznaev,db/changelog/1-initial.xml,2023-12-03 14:47:08.490545,7,EXECUTED,9:fe9e950d4e02b99718a16c4ff55c0733,createTable tableName=participant_working_hours,"",,4.25.0,,,1604028292
