1,https://gastrofest.by/sites/default/files/img_14_55.jpg
1,https://gastrofest.by/sites/default/files/img_2_135.jpg
1,https://gastrofest.by/sites/default/files/img_5_127.jpg
1,https://gastrofest.by/sites/default/files/img_9_103.jpg
1,https://gastrofest.by/sites/default/files/img_13_41.jpg
1,https://gastrofest.by/sites/default/files/img_11_71.jpg
2,https://gastrofest.by/sites/default/files/img_17_24.jpg
2,https://gastrofest.by/sites/default/files/img_2_137.jpg
2,https://gastrofest.by/sites/default/files/img_3_145.jpg
2,https://gastrofest.by/sites/default/files/img_5_128.jpg
2,https://gastrofest.by/sites/default/files/img_12_65.jpg
2,https://gastrofest.by/sites/default/files/img_13_43.jpg
2,https://gastrofest.by/sites/default/files/img_14_56.jpg
2,https://gastrofest.by/sites/default/files/img_7_111.jpg
2,https://gastrofest.by/sites/default/files/img_25_24.jpg
3,https://gastrofest.by/sites/default/files/img_17_26.jpg
3,https://gastrofest.by/sites/default/files/img_1_180.jpg
3,https://gastrofest.by/sites/default/files/img_4_142.jpg
3,https://gastrofest.by/sites/default/files/img_6_145.jpg
3,https://gastrofest.by/sites/default/files/img_10_88.jpg
3,https://gastrofest.by/sites/default/files/img_14_58.jpg
3,https://gastrofest.by/sites/default/files/img_30_11.jpg
4,https://gastrofest.by/sites/default/files/img_20_34.jpg
4,https://gastrofest.by/sites/default/files/img_1_170.jpg
4,https://gastrofest.by/sites/default/files/img_4_139.jpg
4,https://gastrofest.by/sites/default/files/img_5_122.jpg
4,https://gastrofest.by/sites/default/files/img_9_100.jpg
4,https://gastrofest.by/sites/default/files/img_10_81.jpg
4,https://gastrofest.by/sites/default/files/img_13_38.jpg
4,https://gastrofest.by/sites/default/files/img_29_14.jpg
5,https://gastrofest.by/sites/default/files/img_21_23.jpg
5,https://gastrofest.by/sites/default/files/img_1_169.jpg
5,https://gastrofest.by/sites/default/files/img_2_132.jpg
5,https://gastrofest.by/sites/default/files/img_3_141.jpg
5,https://gastrofest.by/sites/default/files/img_4_138.jpg
5,https://gastrofest.by/sites/default/files/img_5_121.jpg
5,https://gastrofest.by/sites/default/files/img_6_139.jpg
5,https://gastrofest.by/sites/default/files/img_7_107.jpg
5,https://gastrofest.by/sites/default/files/img_10_80.jpg
5,https://gastrofest.by/sites/default/files/img_11_67.jpg
5,https://gastrofest.by/sites/default/files/img_12_62.jpg
6,https://gastrofest.by/sites/default/files/img_13_42.jpg
6,https://gastrofest.by/sites/default/files/img_1_178.jpg
6,https://gastrofest.by/sites/default/files/img_6_144.jpg
6,https://gastrofest.by/sites/default/files/img_7_110.jpg
6,https://gastrofest.by/sites/default/files/img_8_97.jpg
6,https://gastrofest.by/sites/default/files/img_10_86.jpg
6,https://gastrofest.by/sites/default/files/img_23_21.jpg
7,https://gastrofest.by/sites/default/files/img_31_11.jpg
7,https://gastrofest.by/sites/default/files/img_1_174.jpg
7,https://gastrofest.by/sites/default/files/img_2_133.jpg
7,https://gastrofest.by/sites/default/files/img_8_93.jpg
7,https://gastrofest.by/sites/default/files/img_9_102.jpg
7,https://gastrofest.by/sites/default/files/img_13_40.jpg
7,https://gastrofest.by/sites/default/files/img_14_54.jpg
7,https://gastrofest.by/sites/default/files/img_15_34.jpg
7,https://gastrofest.by/sites/default/files/img_16_43.jpg
7,https://gastrofest.by/sites/default/files/img_17_23.jpg
7,https://gastrofest.by/sites/default/files/img_36_3.jpg
8,https://gastrofest.by/sites/default/files/img_14_51.jpg
8,https://gastrofest.by/sites/default/files/img_5_123.jpg
8,https://gastrofest.by/sites/default/files/img_20_35.jpg
8,https://gastrofest.by/sites/default/files/img_22_18.jpg
8,https://gastrofest.by/sites/default/files/img_24_18.jpg
8,https://gastrofest.by/sites/default/files/img_25_20.jpg
8,https://gastrofest.by/sites/default/files/img_6_140.jpg
9,https://gastrofest.by/sites/default/files/DSCF7026.jpg
9,https://gastrofest.by/sites/default/files/DSCF7052.jpg
9,https://gastrofest.by/sites/default/files/DSCF7056.jpg
9,https://gastrofest.by/sites/default/files/DSCF7064.jpg
9,https://gastrofest.by/sites/default/files/DSCF7016.jpg
10,https://gastrofest.by/sites/default/files/img_15_32.jpg
10,https://gastrofest.by/sites/default/files/img_4_137.jpg
10,https://gastrofest.by/sites/default/files/img_6_136.jpg
10,https://gastrofest.by/sites/default/files/img_7_106.jpg
10,https://gastrofest.by/sites/default/files/img_9_98.jpg
10,https://gastrofest.by/sites/default/files/img_10_79.jpg
10,https://gastrofest.by/sites/default/files/img_11_65.jpg
10,https://gastrofest.by/sites/default/files/img_12_61.jpg
10,https://gastrofest.by/sites/default/files/img_24_17.jpg
11,https://gastrofest.by/sites/default/files/img_25_22.jpg
11,https://gastrofest.by/sites/default/files/img_1_173.jpg
11,https://gastrofest.by/sites/default/files/img_3_143.jpg
11,https://gastrofest.by/sites/default/files/img_7_108.jpg
11,https://gastrofest.by/sites/default/files/img_10_83.jpg
11,https://gastrofest.by/sites/default/files/img_14_53.jpg
11,https://gastrofest.by/sites/default/files/img_18_28.jpg
11,https://gastrofest.by/sites/default/files/img_11_69.jpg
11,https://gastrofest.by/sites/default/files/img_38_8.jpg
12,https://gastrofest.by/sites/default/files/img_15_35.jpg
12,https://gastrofest.by/sites/default/files/img_1_176.jpg
12,https://gastrofest.by/sites/default/files/img_3_144.jpg
12,https://gastrofest.by/sites/default/files/img_8_95.jpg
12,https://gastrofest.by/sites/default/files/img_6_143.jpg
12,https://gastrofest.by/sites/default/files/img_25_23.jpg
13,https://gastrofest.by/sites/default/files/img_15_33.jpg
13,https://gastrofest.by/sites/default/files/img_1_168.jpg
13,https://gastrofest.by/sites/default/files/img_3_140.jpg
13,https://gastrofest.by/sites/default/files/img_6_138.jpg
13,https://gastrofest.by/sites/default/files/img_9_99.jpg
13,https://gastrofest.by/sites/default/files/img_8_92.jpg
13,https://gastrofest.by/sites/default/files/img_25_19.jpg
14,https://gastrofest.by/sites/default/files/img_10_82.jpg
14,https://gastrofest.by/sites/default/files/img_1_171.jpg
14,https://gastrofest.by/sites/default/files/img_3_142.jpg
14,https://gastrofest.by/sites/default/files/img_4_140.jpg
14,https://gastrofest.by/sites/default/files/img_5_124.jpg
14,https://gastrofest.by/sites/default/files/img_18_27.jpg
15,https://gastrofest.by/sites/default/files/img_18_29.jpg
15,https://gastrofest.by/sites/default/files/img_6_142.jpg
15,https://gastrofest.by/sites/default/files/img_9_104.jpg
15,https://gastrofest.by/sites/default/files/img_10_84.jpg
15,https://gastrofest.by/sites/default/files/img_11_72.jpg
15,https://gastrofest.by/sites/default/files/img_12_64.jpg
15,https://gastrofest.by/sites/default/files/img_8_94.jpg
16,https://gastrofest.by/sites/default/files/img_11_66.jpg
16,https://gastrofest.by/sites/default/files/img_2_131.jpg
16,https://gastrofest.by/sites/default/files/img_5_118.jpg
16,https://gastrofest.by/sites/default/files/img_6_137.jpg
16,https://gastrofest.by/sites/default/files/img_27_13.jpg
16,https://gastrofest.by/sites/default/files/img_20_33.jpg
16,https://gastrofest.by/sites/default/files/img_21_22.jpg
16,https://gastrofest.by/sites/default/files/img_22_17.jpg
16,https://gastrofest.by/sites/default/files/img_1_166.jpg
16,https://gastrofest.by/sites/default/files/img_33_11.jpg
17,https://gastrofest.by/sites/default/files/img_12_63.jpg
17,https://gastrofest.by/sites/default/files/img_1_175.jpg
17,https://gastrofest.by/sites/default/files/img_2_134.jpg
17,https://gastrofest.by/sites/default/files/img_5_126.jpg
17,https://gastrofest.by/sites/default/files/img_11_70.jpg
17,https://gastrofest.by/sites/default/files/img_4_141.jpg
18,https://gastrofest.by/sites/default/files/img_19_19.jpg
18,https://gastrofest.by/sites/default/files/img_1_177.jpg
18,https://gastrofest.by/sites/default/files/img_2_136.jpg
18,https://gastrofest.by/sites/default/files/img_8_96.jpg
18,https://gastrofest.by/sites/default/files/img_7_109.jpg
18,https://gastrofest.by/sites/default/files/img_10_85.jpg
18,https://gastrofest.by/sites/default/files/img_20_36.jpg
19,https://gastrofest.by/sites/default/files/img_21_24.jpg
19,https://gastrofest.by/sites/default/files/img_1_172.jpg
19,https://gastrofest.by/sites/default/files/img_5_125.jpg
19,https://gastrofest.by/sites/default/files/img_6_141.jpg
19,https://gastrofest.by/sites/default/files/img_9_101.jpg
19,https://gastrofest.by/sites/default/files/img_11_68.jpg
19,https://gastrofest.by/sites/default/files/img_13_39.jpg
19,https://gastrofest.by/sites/default/files/img_28_9.jpg
20,https://gastrofest.by/sites/default/files/img_24_19.jpg
20,https://gastrofest.by/sites/default/files/img_1_179.jpg
20,https://gastrofest.by/sites/default/files/img_2_138.jpg
20,https://gastrofest.by/sites/default/files/img_3_146.jpg
20,https://gastrofest.by/sites/default/files/img_5_129.jpg
20,https://gastrofest.by/sites/default/files/img_7_112.jpg
20,https://gastrofest.by/sites/default/files/img_9_105.jpg
20,https://gastrofest.by/sites/default/files/img_10_87.jpg
20,https://gastrofest.by/sites/default/files/img_15_36.jpg
20,https://gastrofest.by/sites/default/files/img_16_44.jpg
20,https://gastrofest.by/sites/default/files/img_17_25.jpg
20,https://gastrofest.by/sites/default/files/img_18_30.jpg
20,https://gastrofest.by/sites/default/files/img_19_20.jpg
20,https://gastrofest.by/sites/default/files/img_20_37.jpg
20,https://gastrofest.by/sites/default/files/img_21_25.jpg
20,https://gastrofest.by/sites/default/files/img_33_12.jpg
21,https://gastrofest.by/sites/default/files/img_23_20.jpg
21,https://gastrofest.by/sites/default/files/img_1_167.jpg
21,https://gastrofest.by/sites/default/files/img_3_139.jpg
21,https://gastrofest.by/sites/default/files/img_5_120.jpg
21,https://gastrofest.by/sites/default/files/img_8_91.jpg
21,https://gastrofest.by/sites/default/files/img_14_50.jpg
21,https://gastrofest.by/sites/default/files/img_28_8.jpg
